{
	"info": {
		"_postman_id": "02588e43-e250-4c3e-9baa-555411c24705",
		"name": "Franzoo",
		"schema": "https://schema.getpostman.com/json/collection/v2.1.0/collection.json"
	},
	"item": [
		{
			"name": "User",
			"item": [
				{
					"name": "Prefrences",
					"item": [
						{
							"name": "change password",
							"request": {
								"method": "PUT",
								"header": [],
								"body": {
									"mode": "raw",
									"raw": " {\r\n        \r\n        \"userId\":\"3\",\r\n        \"password\": \"roooooo\",\r\n        \"emailid\": \"naman8mar1999@gmail.com\"\r\n       \r\n       \r\n }",
									"options": {
										"raw": {
											"language": "json"
										}
									}
								},
								"url": {
									"raw": "http://127.0.0.1:8000/api/put",
									"protocol": "http",
									"host": [
										"127",
										"0",
										"0",
										"1"
									],
									"port": "8000",
									"path": [
										"api",
										"put"
									]
								}
							},
							"response": []
						},
						{
							"name": "Change public to private",
							"request": {
								"method": "PUT",
								"header": [],
								"body": {
									"mode": "raw",
									"raw": "{\r\n   \"private\":\"false\"\r\n}",
									"options": {
										"raw": {
											"language": "json"
										}
									}
								},
								"url": {
									"raw": "http://127.0.0.1:8000/api/putPublic/5/",
									"protocol": "http",
									"host": [
										"127",
										"0",
										"0",
										"1"
									],
									"port": "8000",
									"path": [
										"api",
										"putPublic",
										"5",
										""
									]
								}
							},
							"response": []
						}
					]
				},
				{
					"name": "Search",
					"item": [
						{
							"name": "Search Public Users",
							"request": {
								"method": "POST",
								"header": [],
								"body": {
									"mode": "raw",
									"raw": "{\r\n        \"name\": \"n\"\r\n}",
									"options": {
										"raw": {
											"language": "json"
										}
									}
								},
								"url": {
									"raw": "http://127.0.0.1:8000/api/searchUser",
									"protocol": "http",
									"host": [
										"127",
										"0",
										"0",
										"1"
									],
									"port": "8000",
									"path": [
										"api",
										"searchUser"
									]
								}
							},
							"response": []
						},
						{
							"name": "Get public users",
							"request": {
								"method": "GET",
								"header": [],
								"url": {
									"raw": "http://127.0.0.1:8000/api/showPublic",
									"protocol": "http",
									"host": [
										"127",
										"0",
										"0",
										"1"
									],
									"port": "8000",
									"path": [
										"api",
										"showPublic"
									]
								}
							},
							"response": []
						}
					]
				},
				{
					"name": "Posts",
					"item": [
						{
							"name": "Get Post",
							"request": {
								"method": "GET",
								"header": [],
								"url": {
									"raw": ""
								}
							},
							"response": []
						},
						{
							"name": "Post post",
							"request": {
								"method": "POST",
								"header": [],
								"body": {
									"mode": "raw",
									"raw": "{\r\n    \r\n}",
									"options": {
										"raw": {
											"language": "json"
										}
									}
								},
								"url": {
									"raw": "http://127.0.0.1:8000/api/postPost",
									"protocol": "http",
									"host": [
										"127",
										"0",
										"0",
										"1"
									],
									"port": "8000",
									"path": [
										"api",
										"postPost"
									]
								}
							},
							"response": []
						},
						{
							"name": "Put Post",
							"request": {
								"method": "PUT",
								"header": [],
								"url": {
									"raw": "http://127.0.0.1:8000/api/putPost",
									"protocol": "http",
									"host": [
										"127",
										"0",
										"0",
										"1"
									],
									"port": "8000",
									"path": [
										"api",
										"putPost"
									]
								}
							},
							"response": []
						},
						{
							"name": "Delete post",
							"request": {
								"method": "DELETE",
								"header": [],
								"url": {
									"raw": "http://127.0.0.1:8000/api/deletePost",
									"protocol": "http",
									"host": [
										"127",
										"0",
										"0",
										"1"
									],
									"port": "8000",
									"path": [
										"api",
										"deletePost"
									]
								}
							},
							"response": []
						}
					]
				},
				{
					"name": "SignUp",
					"item": [
						{
							"name": "SignUp with encryp",
							"request": {
								"method": "POST",
								"header": [],
								"body": {
									"mode": "raw",
									"raw": "{\r\n        \r\n        \"name\": \"nama4n xyz\",\r\n        \"mobilenumber\": \"5344668488\",\r\n        \"password\": \"roottw2\",\r\n        \"emailid\": \"namm3441333@gmail.com\"\r\n        \r\n    \r\n        \r\n    }",
									"options": {
										"raw": {
											"language": "json"
										}
									}
								},
								"url": {
									"raw": "http://127.0.0.1:8000/api/SignUp",
									"protocol": "http",
									"host": [
										"127",
										"0",
										"0",
										"1"
									],
									"port": "8000",
									"path": [
										"api",
										"SignUp"
									]
								}
							},
							"response": []
						},
						{
							"name": "Verify otp",
							"request": {
								"method": "POST",
								"header": [],
								"body": {
									"mode": "raw",
									"raw": "{\r\n    \r\n    \"emailid\":\"naman8mar1999@gmail.com\",\r\n    \"otp\":\"7545\"\r\n}",
									"options": {
										"raw": {
											"language": "json"
										}
									}
								},
								"url": {
									"raw": "http://127.0.0.1:8000/api/verify",
									"protocol": "http",
									"host": [
										"127",
										"0",
										"0",
										"1"
									],
									"port": "8000",
									"path": [
										"api",
										"verify"
									]
								}
							},
							"response": []
						},
						{
							"name": "users GET all",
							"request": {
								"method": "GET",
								"header": [],
								"url": {
									"raw": "http://127.0.0.1:8000/api/signup",
									"protocol": "http",
									"host": [
										"127",
										"0",
										"0",
										"1"
									],
									"port": "8000",
									"path": [
										"api",
										"signup"
									]
								}
							},
							"response": []
						},
						{
							"name": "delete User",
							"request": {
								"method": "DELETE",
								"header": [],
								"body": {
									"mode": "raw",
									"raw": "",
									"options": {
										"raw": {
											"language": "json"
										}
									}
								},
								"url": {
									"raw": "http://127.0.0.1:8000/api/delete/1/",
									"protocol": "http",
									"host": [
										"127",
										"0",
										"0",
										"1"
									],
									"port": "8000",
									"path": [
										"api",
										"delete",
										"1",
										""
									]
								}
							},
							"response": []
						}
					]
				},
				{
					"name": "Verify otp",
					"request": {
						"method": "POST",
						"header": [],
						"body": {
							"mode": "raw",
							"raw": "{\r\n    \r\n    \"emailid\":\"naman8mar1999@gmail.com\",\r\n    \"otp\":\"7545\"\r\n}",
							"options": {
								"raw": {
									"language": "json"
								}
							}
						},
						"url": {
							"raw": "http://127.0.0.1:8000/api/verify",
							"protocol": "http",
							"host": [
								"127",
								"0",
								"0",
								"1"
							],
							"port": "8000",
							"path": [
								"api",
								"verify"
							]
						}
					},
					"response": []
				},
				{
					"name": "SignUp",
					"request": {
						"method": "POST",
						"header": [],
						"body": {
							"mode": "formdata",
							"formdata": [
								{
									"key": "name",
									"value": "megha mathur",
									"type": "text"
								},
								{
									"key": "emailid",
									"value": "mm@parkar.digital",
									"type": "text"
								},
								{
									"key": "mobilenumber",
									"value": "8898422134",
									"type": "text"
								},
								{
									"key": "password",
									"value": "root",
									"type": "text"
								},
								{
									"key": "private",
									"value": "0",
									"type": "text"
								}
							]
						},
						"url": {
							"raw": "http://127.0.0.1:8000/api/show/",
							"protocol": "http",
							"host": [
								"127",
								"0",
								"0",
								"1"
							],
							"port": "8000",
							"path": [
								"api",
								"show",
								""
							]
						}
					},
					"response": []
				},
				{
					"name": "Signup New User",
					"request": {
						"method": "POST",
						"header": [],
						"body": {
							"mode": "raw",
							"raw": "{\r\n        \r\n        \"name\": \"naman abc\",\r\n        \"mobilenumber\": \"8863060479\",\r\n        \r\n        \"password\": \"root\",\r\n        \"emailid\": \"nm@gmail.com\"\r\n        \r\n    \r\n        \r\n    }",
							"options": {
								"raw": {
									"language": "json"
								}
							}
						},
						"url": {
							"raw": "http://127.0.0.1:8000/api/signup",
							"protocol": "http",
							"host": [
								"127",
								"0",
								"0",
								"1"
							],
							"port": "8000",
							"path": [
								"api",
								"signup"
							]
						}
					},
					"response": []
				},
				{
					"name": "change password Copy",
					"request": {
						"method": "PUT",
						"header": [],
						"body": {
							"mode": "raw",
							"raw": " {\r\n        \"userId\": \"2\",\r\n        \r\n        \"password\": \"namann22\",\r\n        \"emailid\": \"naman8mar1999@gmail.com\"\r\n       \r\n }",
							"options": {
								"raw": {
									"language": "json"
								}
							}
						},
						"url": {
							"raw": "http://127.0.0.1:8000/api/put",
							"protocol": "http",
							"host": [
								"127",
								"0",
								"0",
								"1"
							],
							"port": "8000",
							"path": [
								"api",
								"put"
							]
						}
					},
					"response": []
				},
				{
					"name": "otp",
					"request": {
						"method": "PUT",
						"header": [],
						"body": {
							"mode": "raw",
							"raw": "{\r\n    \"userId\":\"3\",\r\n   \"emailid\": \"naman8mar1999@gmail.com\",\r\n   \"otp\":\"2222\"\r\n   \r\n \r\n}",
							"options": {
								"raw": {
									"language": "json"
								}
							}
						},
						"url": {
							"raw": "http://127.0.0.1:8000/api/emailOtp",
							"protocol": "http",
							"host": [
								"127",
								"0",
								"0",
								"1"
							],
							"port": "8000",
							"path": [
								"api",
								"emailOtp"
							]
						}
					},
					"response": []
				}
			]
		},
		{
			"name": "advance profile",
			"item": [
				{
					"name": "get advance profile",
					"request": {
						"method": "GET",
						"header": [],
						"url": {
							"raw": "http://127.0.0.1:8000/api/advProfile/get",
							"protocol": "http",
							"host": [
								"127",
								"0",
								"0",
								"1"
							],
							"port": "8000",
							"path": [
								"api",
								"advProfile",
								"get"
							]
						}
					},
					"response": []
				},
				{
					"name": "Post adv prof",
					"request": {
						"method": "POST",
						"header": [],
						"url": {
							"raw": "http://127.0.0.1:8000/api/advProfile/post",
							"protocol": "http",
							"host": [
								"127",
								"0",
								"0",
								"1"
							],
							"port": "8000",
							"path": [
								"api",
								"advProfile",
								"post"
							]
						}
					},
					"response": []
				},
				{
					"name": "Put adv profile",
					"request": {
						"method": "PUT",
						"header": [],
						"url": {
							"raw": "http://127.0.0.1:8000/api/advProfile/put",
							"protocol": "http",
							"host": [
								"127",
								"0",
								"0",
								"1"
							],
							"port": "8000",
							"path": [
								"api",
								"advProfile",
								"put"
							]
						}
					},
					"response": []
				},
				{
					"name": "delete",
					"request": {
						"method": "DELETE",
						"header": [],
						"url": {
							"raw": "http://127.0.0.1:8000/api/advProfile/delete",
							"protocol": "http",
							"host": [
								"127",
								"0",
								"0",
								"1"
							],
							"port": "8000",
							"path": [
								"api",
								"advProfile",
								"delete"
							]
						}
					},
					"response": []
				}
			]
		},
		{
			"name": "Login",
			"item": [
				{
					"name": "logIn",
					"request": {
						"method": "POST",
						"header": [],
						"body": {
							"mode": "raw",
							"raw": "{\r\n    \"mobilenumber\":\"9009090909\",\r\n    \"password\":\"namann\"\r\n}",
							"options": {
								"raw": {
									"language": "json"
								}
							}
						},
						"url": {
							"raw": "http://127.0.0.1:8000/api/login",
							"protocol": "http",
							"host": [
								"127",
								"0",
								"0",
								"1"
							],
							"port": "8000",
							"path": [
								"api",
								"login"
							]
						}
					},
					"response": []
				},
				{
					"name": "Forgot Password 2.0",
					"request": {
						"method": "PUT",
						"header": [],
						"body": {
							"mode": "raw",
							"raw": "{\r\n    \"emailid\":\"naman8mar1999@gmail.com\"\r\n    \r\n}",
							"options": {
								"raw": {
									"language": "json"
								}
							}
						},
						"url": {
							"raw": "http://127.0.0.1:8000/api/otp/3/",
							"protocol": "http",
							"host": [
								"127",
								"0",
								"0",
								"1"
							],
							"port": "8000",
							"path": [
								"api",
								"otp",
								"3",
								""
							]
						}
					},
					"response": []
				}
			]
		},
		{
			"name": "Friends",
			"item": [
				{
					"name": "get friend",
					"request": {
						"method": "GET",
						"header": [],
						"url": {
							"raw": "http://127.0.0.1:8000/api/friend/get",
							"protocol": "http",
							"host": [
								"127",
								"0",
								"0",
								"1"
							],
							"port": "8000",
							"path": [
								"api",
								"friend",
								"get"
							]
						}
					},
					"response": []
				},
				{
					"name": "send friend request",
					"request": {
						"method": "POST",
						"header": [],
						"body": {
							"mode": "raw",
							"raw": "{\r\n    \"FriendId\":\"5\",\r\n    \"FuserId\":\"6\",\r\n    \"Status\":\"3\"\r\n}",
							"options": {
								"raw": {
									"language": "json"
								}
							}
						},
						"url": {
							"raw": "http://127.0.0.1:8000/api/friend/post",
							"protocol": "http",
							"host": [
								"127",
								"0",
								"0",
								"1"
							],
							"port": "8000",
							"path": [
								"api",
								"friend",
								"post"
							]
						}
					},
					"response": []
				},
				{
					"name": "accept friend req",
					"request": {
						"method": "POST",
						"header": [],
						"body": {
							"mode": "raw",
							"raw": "{\r\n    \"FriendId\":\"5\",\r\n    \"FuserId\":\"4\",\r\n    \"Status\":\"3\"\r\n}",
							"options": {
								"raw": {
									"language": "json"
								}
							}
						},
						"url": {
							"raw": "http://127.0.0.1:8000/api/friend/post",
							"protocol": "http",
							"host": [
								"127",
								"0",
								"0",
								"1"
							],
							"port": "8000",
							"path": [
								"api",
								"friend",
								"post"
							]
						}
					},
					"response": []
				},
				{
					"name": "reject friend req",
					"request": {
						"method": "POST",
						"header": [],
						"body": {
							"mode": "raw",
							"raw": "{\r\n    \"FriendId\":\"5\",\r\n    \"FuserId\":\"4\",\r\n    \"Status\":\"2\"\r\n}",
							"options": {
								"raw": {
									"language": "json"
								}
							}
						},
						"url": {
							"raw": "http://127.0.0.1:8000/api/friend/post",
							"protocol": "http",
							"host": [
								"127",
								"0",
								"0",
								"1"
							],
							"port": "8000",
							"path": [
								"api",
								"friend",
								"post"
							]
						}
					},
					"response": []
				},
				{
					"name": "delete friend",
					"request": {
						"method": "DELETE",
						"header": [],
						"url": {
							"raw": "http://127.0.0.1:8000/api/ads/delete/",
							"protocol": "http",
							"host": [
								"127",
								"0",
								"0",
								"1"
							],
							"port": "8000",
							"path": [
								"api",
								"ads",
								"delete",
								""
							]
						}
					},
					"response": []
				}
			]
		},
		{
			"name": "Ads",
			"item": [
				{
					"name": "Get ads",
					"request": {
						"method": "GET",
						"header": [],
						"url": {
							"raw": "http://127.0.0.1:8000/api/ads/get",
							"protocol": "http",
							"host": [
								"127",
								"0",
								"0",
								"1"
							],
							"port": "8000",
							"path": [
								"api",
								"ads",
								"get"
							]
						}
					},
					"response": []
				},
				{
					"name": "Post Ads",
					"request": {
						"method": "POST",
						"header": [],
						"url": {
							"raw": "http://127.0.0.1:8000/api/ads/post",
							"protocol": "http",
							"host": [
								"127",
								"0",
								"0",
								"1"
							],
							"port": "8000",
							"path": [
								"api",
								"ads",
								"post"
							]
						}
					},
					"response": []
				}
			]
		},
		{
			"name": "Chat",
			"item": [
				{
					"name": "get chats",
					"request": {
						"method": "GET",
						"header": [],
						"url": {
							"raw": "http://127.0.0.1:8000/api/user/chat/get",
							"protocol": "http",
							"host": [
								"127",
								"0",
								"0",
								"1"
							],
							"port": "8000",
							"path": [
								"api",
								"user",
								"chat",
								"get"
							]
						}
					},
					"response": []
				},
				{
					"name": "New chat",
					"request": {
						"method": "POST",
						"header": [],
						"body": {
							"mode": "raw",
							"raw": "{\r\n    \"to_id\":\"2\",\r\n    \"from_id\":\"4\",\r\n    \"msg\":\"hello xyz\"\r\n}",
							"options": {
								"raw": {
									"language": "json"
								}
							}
						},
						"url": {
							"raw": "http://127.0.0.1:8000/api/newchat/post",
							"protocol": "http",
							"host": [
								"127",
								"0",
								"0",
								"1"
							],
							"port": "8000",
							"path": [
								"api",
								"newchat",
								"post"
							]
						}
					},
					"response": []
				}
			]
		}
	]
}